survey_year,respondent_no,개인 업무 특성(독립/협업),내 자리 업무 행태,내 자리 업무 행태_1순위,내 자리 업무 행태_2순위,내 자리 업무 행태_3순위,내 자리 업무 행태__기타_텍스트,생산성이 증대되는 업무 장소,생산성이 증대되는 업무 장소__기타_텍스트,커뮤니케이션 행태,커뮤니케이션 행태_1순위,커뮤니케이션 행태_2순위,커뮤니케이션 행태_3순위,커뮤니케이션 행태__기타_텍스트,회의 횟수,회의 시간,회의 규모,회의 규모_1순위,회의 규모_2순위,회의 규모_3순위,업무 외 활동 니즈,업무 외 활동 니즈_1순위,업무 외 활동 니즈_2순위,업무 외 활동 니즈_3순위,업무 외 활동 니즈__기타_텍스트,오피스 경험 인식_기능 공간,오피스 경험 인식_생활 공간,사무환경 만족도_종합,사무환경 만족도_직원 배려,사무환경 만족도_업무 효율,사무환경 만족도_유연,사무환경 만족도_수평,조직문화 만족도_유연,조직문화 만족도_친밀함,조직문화 만족도_동기부여,조직문화 만족도_자율,조직문화 만족도_워라밸,커피를 마시며 동료와 대화,우연한 만남을 통한 가벼운 커뮤니케이션,필요에 맞게 자율적으로 일 할 공간을 선택,재충전을 위한 개인 휴식,필요에 맞게 협업 공간 선택,팀원 또는 유관 팀과 정기적 회의,서로의 작업 진행 상황과 정보를 공유,팀원 또는 유관 팀과 간단한 캐주얼 회의,혼자 몰입해야 하는 순간에 독립된 공간으로 자리를 이동,업무 중 상급자와 부담없이 소통,통화나 회의로 발생하는 소음을 최소화,직급/직책에 관계없이 의견 개진 및 다양한 직급/직책간 상호 교류
2025,1,,"문서 또는 그래픽, 프로그래밍 작업 (컴퓨터 기반 업무)|참고 서적이나 서류 검토|업무 관련 통화","문서 또는 그래픽, 프로그래밍 작업 (컴퓨터 기반 업무)",참고 서적이나 서류 검토,업무 관련 통화,,내 자리 또는 사무실 내 오픈 라운지에서 수행한다.,,"팀원 또는 유관부서와의 정보 공유, 의사결정 등을 위한 정형회의|외부 인원(계열사, 협력사 등)과의 업무 협의 회의|비정기적으로 의견을 교류하는 캐주얼 회의","팀원 또는 유관부서와의 정보 공유, 의사결정 등을 위한 정형회의","외부 인원(계열사, 협력사 등)과의 업무 협의 회의",비정기적으로 의견을 교류하는 캐주얼 회의,,1-2회,1시간~1시간 30분,5-8인|4인 이하|9-16인,5-8인,4인 이하,9-16인,분리된 공간에서 조용하게 집중 업무|장비가 잘 갖춰진 회의공간에서 밀도 높은 미팅|조직 구성원이 모여 자유로운 업무공유 및 토론,분리된 공간에서 조용하게 집중 업무,장비가 잘 갖춰진 회의공간에서 밀도 높은 미팅,조직 구성원이 모여 자유로운 업무공유 및 토론,,5,5,5,2,2,1,1,2,3,3,2,2,1,1,1,1,1,1,1,1,1,2,1,2
2025,2,,"문서 또는 그래픽, 프로그래밍 작업 (컴퓨터 기반 업무)|참고 서적이나 서류 검토|업무 관련 통화","문서 또는 그래픽, 프로그래밍 작업 (컴퓨터 기반 업무)",참고 서적이나 서류 검토,업무 관련 통화,,내 자리 또는 사무실 내 1인 업무 공간에서 수행한다.,,"팀원 또는 유관부서와의 정보 공유, 의사결정 등을 위한 정형회의|지식 공유 목적의 교육 및 세미나|비정기적으로 의견을 교류하는 캐주얼 회의","팀원 또는 유관부서와의 정보 공유, 의사결정 등을 위한 정형회의",지식 공유 목적의 교육 및 세미나,비정기적으로 의견을 교류하는 캐주얼 회의,,1-2회,30분~1시간,5-8인|4인 이하|9-16인,5-8인,4인 이하,9-16인,분리된 공간에서 조용하게 집중 업무|캐주얼한 분위기에서 편안하게 업무|조직 구성원과의 편안한 대화,분리된 공간에서 조용하게 집중 업무,캐주얼한 분위기에서 편안하게 업무,조직 구성원과의 편안한 대화,,4,4,2,1,2,1,1,1,3,1,2,3,1,1,1,1,1,5,4,5,1,2,1,2
2025,3,,업무 관련 통화|참고 서적이나 서류 검토|샘플이나 실물 검토/목업,업무 관련 통화,참고 서적이나 서류 검토,샘플이나 실물 검토/목업,,내 자리 또는 사무실 내 오픈 라운지에서 수행한다.,,,,,,,,,,,,,,,,,,,,,,,,,,,,,,,,,,,,,,,,,
2025,4,,"문서 또는 그래픽, 프로그래밍 작업 (컴퓨터 기반 업무)|업무 관련 통화|참고 서적이나 서류 검토","문서 또는 그래픽, 프로그래밍 작업 (컴퓨터 기반 업무)",업무 관련 통화,참고 서적이나 서류 검토,,거의 모든 업무를 내 자리에서 수행한다.,,"외부 인원(계열사, 협력사 등)과의 업무 협의 회의|지식 공유 목적의 교육 및 세미나|비정기적으로 의견을 교류하는 캐주얼 회의","외부 인원(계열사, 협력사 등)과의 업무 협의 회의",지식 공유 목적의 교육 및 세미나,비정기적으로 의견을 교류하는 캐주얼 회의,,1-2회,30분 미만,4인 이하|5-8인|9-16인,4인 이하,5-8인,9-16인,분리된 공간에서 조용하게 집중 업무|출근 직후 및 점심 시간에 간단한 취식|출근 직후 또는 업무 중 짧은 휴식,분리된 공간에서 조용하게 집중 업무,출근 직후 및 점심 시간에 간단한 취식,출근 직후 또는 업무 중 짧은 휴식,,4,4,5,3,4,3,3,3,4,3,4,4,2,4,2,1,2,5,5,6,2,4,1,5
2025,5,,"참고 서적이나 서류 검토|문서 또는 그래픽, 프로그래밍 작업 (컴퓨터 기반 업무)|업무 관련 통화",참고 서적이나 서류 검토,"문서 또는 그래픽, 프로그래밍 작업 (컴퓨터 기반 업무)",업무 관련 통화,,일정 시간 사무실 외부 공간에서 업무를 수행한다.,,"비정기적으로 의견을 교류하는 캐주얼 회의|팀원 또는 유관부서와의 정보 공유, 의사결정 등을 위한 정형회의|지식 공유 목적의 교육 및 세미나",비정기적으로 의견을 교류하는 캐주얼 회의,"팀원 또는 유관부서와의 정보 공유, 의사결정 등을 위한 정형회의",지식 공유 목적의 교육 및 세미나,,1-2회,30분~1시간,5-8인|4인 이하|9-16인,5-8인,4인 이하,9-16인,분리된 공간에서 조용하게 집중 업무|캐주얼한 분위기에서 편안하게 업무|조직 구성원이 모여 자유로운 업무공유 및 토론,분리된 공간에서 조용하게 집중 업무,캐주얼한 분위기에서 편안하게 업무,조직 구성원이 모여 자유로운 업무공유 및 토론,,4,5,4,3,3,2,2,2,4,3,3,4,4,3,3,1,2,5,3,2,5,6,2,5
2025,6,,참고 서적이나 서류 검토|샘플이나 실물 검토/목업|1인 컨퍼런스콜 / 화상회의,참고 서적이나 서류 검토,샘플이나 실물 검토/목업,1인 컨퍼런스콜 / 화상회의,,거의 모든 업무를 내 자리에서 수행한다.,,"팀원 또는 유관부서와의 정보 공유, 의사결정 등을 위한 정형회의|지식 공유 목적의 교육 및 세미나|자유롭게 아이디어를 나누는 브레인스토밍 회의","팀원 또는 유관부서와의 정보 공유, 의사결정 등을 위한 정형회의",지식 공유 목적의 교육 및 세미나,자유롭게 아이디어를 나누는 브레인스토밍 회의,,1-2회,30분 미만,4인 이하|5-8인|9-16인,4인 이하,5-8인,9-16인,분리된 공간에서 조용하게 집중 업무|조직 구성원과의 편안한 대화|캐주얼한 분위기에서 편안하게 업무,분리된 공간에서 조용하게 집중 업무,조직 구성원과의 편안한 대화,캐주얼한 분위기에서 편안하게 업무,,5,5,4,4,4,3,3,3,3,3,3,3,4,4,4,3,4,4,4,3,5,3,3,3
2025,7,,"문서 또는 그래픽, 프로그래밍 작업 (컴퓨터 기반 업무)|샘플이나 실물 검토/목업|업무 관련 통화","문서 또는 그래픽, 프로그래밍 작업 (컴퓨터 기반 업무)",샘플이나 실물 검토/목업,업무 관련 통화,,거의 모든 업무를 내 자리에서 수행한다.,,"팀원 또는 유관부서와의 정보 공유, 의사결정 등을 위한 정형회의|지식 공유 목적의 교육 및 세미나|비정기적으로 의견을 교류하는 캐주얼 회의","팀원 또는 유관부서와의 정보 공유, 의사결정 등을 위한 정형회의",지식 공유 목적의 교육 및 세미나,비정기적으로 의견을 교류하는 캐주얼 회의,,1-2회,30분~1시간,5-8인|4인 이하|17인 이상,5-8인,4인 이하,17인 이상,분리된 공간에서 조용하게 집중 업무|조직 구성원이 모여 자유로운 업무공유 및 토론|출근 직후 및 점심 시간에 간단한 취식,분리된 공간에서 조용하게 집중 업무,조직 구성원이 모여 자유로운 업무공유 및 토론,출근 직후 및 점심 시간에 간단한 취식,,4,4,1,1,1,1,1,1,1,1,1,1,2,2,2,2,2,2,2,2,2,2,2,2
2025,8,,"업무 관련 통화|참고 서적이나 서류 검토|문서 또는 그래픽, 프로그래밍 작업 (컴퓨터 기반 업무)",업무 관련 통화,참고 서적이나 서류 검토,"문서 또는 그래픽, 프로그래밍 작업 (컴퓨터 기반 업무)",,내 자리 또는 사무실 내 오픈 라운지에서 수행한다.,,"팀원 또는 유관부서와의 정보 공유, 의사결정 등을 위한 정형회의|외부 인원(계열사, 협력사 등)과의 업무 협의 회의|비정기적으로 의견을 교류하는 캐주얼 회의","팀원 또는 유관부서와의 정보 공유, 의사결정 등을 위한 정형회의","외부 인원(계열사, 협력사 등)과의 업무 협의 회의",비정기적으로 의견을 교류하는 캐주얼 회의,,3-4회,30분~1시간,4인 이하|5-8인|9-16인,4인 이하,5-8인,9-16인,출근 직후 및 점심 시간에 간단한 취식|조직 구성원이 모여 자유로운 업무공유 및 토론|별도로 마련된 공간에서 고객 및 방문자 응대,출근 직후 및 점심 시간에 간단한 취식,조직 구성원이 모여 자유로운 업무공유 및 토론,별도로 마련된 공간에서 고객 및 방문자 응대,,5,4,2,2,3,1,2,2,4,3,3,3,2,4,2,1,4,4,4,4,2,2,4,3
2025,9,,"문서 또는 그래픽, 프로그래밍 작업 (컴퓨터 기반 업무)|업무 관련 통화|참고 서적이나 서류 검토","문서 또는 그래픽, 프로그래밍 작업 (컴퓨터 기반 업무)",업무 관련 통화,참고 서적이나 서류 검토,,거의 모든 업무를 내 자리에서 수행한다.,,"팀원 또는 유관부서와의 정보 공유, 의사결정 등을 위한 정형회의|비정기적으로 의견을 교류하는 캐주얼 회의|자유롭게 아이디어를 나누는 브레인스토밍 회의","팀원 또는 유관부서와의 정보 공유, 의사결정 등을 위한 정형회의",비정기적으로 의견을 교류하는 캐주얼 회의,자유롭게 아이디어를 나누는 브레인스토밍 회의,,3-4회,30분 미만,4인 이하|5-8인|9-16인,4인 이하,5-8인,9-16인,분리된 공간에서 조용하게 집중 업무|캐주얼한 분위기에서 편안하게 업무|출근 직후 및 점심 시간에 간단한 취식,분리된 공간에서 조용하게 집중 업무,캐주얼한 분위기에서 편안하게 업무,출근 직후 및 점심 시간에 간단한 취식,,4,4,3,2,3,2,3,2,3,3,3,3,3,3,4,2,4,4,3,4,4,3,2,2
2025,10,,"업무 관련 통화|문서 또는 그래픽, 프로그래밍 작업 (컴퓨터 기반 업무)|참고 서적이나 서류 검토",업무 관련 통화,"문서 또는 그래픽, 프로그래밍 작업 (컴퓨터 기반 업무)",참고 서적이나 서류 검토,,내 자리 또는 사무실 내 오픈 라운지에서 수행한다.,,"팀원 또는 유관부서와의 정보 공유, 의사결정 등을 위한 정형회의|외부 인원(계열사, 협력사 등)과의 업무 협의 회의|비정기적으로 의견을 교류하는 캐주얼 회의","팀원 또는 유관부서와의 정보 공유, 의사결정 등을 위한 정형회의","외부 인원(계열사, 협력사 등)과의 업무 협의 회의",비정기적으로 의견을 교류하는 캐주얼 회의,,1-2회,30분~1시간,5-8인|4인 이하|9-16인,5-8인,4인 이하,9-16인,분리된 공간에서 조용하게 집중 업무|출근 직후 및 점심 시간에 간단한 취식|캐주얼한 분위기에서 편안하게 업무,분리된 공간에서 조용하게 집중 업무,출근 직후 및 점심 시간에 간단한 취식,캐주얼한 분위기에서 편안하게 업무,,4,4,3,2,4,3,3,4,4,3,3,3,6,5,4,3,3,4,4,4,4,5,3,4
2025,11,,"참고 서적이나 서류 검토|문서 또는 그래픽, 프로그래밍 작업 (컴퓨터 기반 업무)|업무 관련 통화",참고 서적이나 서류 검토,"문서 또는 그래픽, 프로그래밍 작업 (컴퓨터 기반 업무)",업무 관련 통화,,거의 모든 업무를 내 자리에서 수행한다.,,"외부 인원(계열사, 협력사 등)과의 업무 협의 회의|자유롭게 아이디어를 나누는 브레인스토밍 회의|지식 공유 목적의 교육 및 세미나","외부 인원(계열사, 협력사 등)과의 업무 협의 회의",자유롭게 아이디어를 나누는 브레인스토밍 회의,지식 공유 목적의 교육 및 세미나,,1-2회,30분 미만,4인 이하|5-8인|9-16인,4인 이하,5-8인,9-16인,출근 직후 및 점심 시간에 간단한 취식|출근 직후 또는 업무 중 짧은 휴식|별도로 마련된 공간에서 고객 및 방문자 응대,출근 직후 및 점심 시간에 간단한 취식,출근 직후 또는 업무 중 짧은 휴식,별도로 마련된 공간에서 고객 및 방문자 응대,,4,4,4,4,4,4,4,4,4,4,4,4,3,4,5,3,4,5,6,4,6,6,6,6
2025,12,,"문서 또는 그래픽, 프로그래밍 작업 (컴퓨터 기반 업무)|업무 관련 통화|참고 서적이나 서류 검토","문서 또는 그래픽, 프로그래밍 작업 (컴퓨터 기반 업무)",업무 관련 통화,참고 서적이나 서류 검토,,거의 모든 업무를 내 자리에서 수행한다.,,"비정기적으로 의견을 교류하는 캐주얼 회의|자유롭게 아이디어를 나누는 브레인스토밍 회의|팀원 또는 유관부서와의 정보 공유, 의사결정 등을 위한 정형회의",비정기적으로 의견을 교류하는 캐주얼 회의,자유롭게 아이디어를 나누는 브레인스토밍 회의,"팀원 또는 유관부서와의 정보 공유, 의사결정 등을 위한 정형회의",,해당사항 없음,해당사항 없음,5-8인|4인 이하|9-16인,5-8인,4인 이하,9-16인,카페 같은 분위기와 오픈된 공간에서 캐주얼한 미팅|분리된 공간에서 조용하게 집중 업무|캐주얼한 분위기에서 편안하게 업무,카페 같은 분위기와 오픈된 공간에서 캐주얼한 미팅,분리된 공간에서 조용하게 집중 업무,캐주얼한 분위기에서 편안하게 업무,,4,4,1,1,4,1,5,2,3,3,2,5,6,6,1,1,1,5,2,4,1,4,3,2
2025,13,,"문서 또는 그래픽, 프로그래밍 작업 (컴퓨터 기반 업무)|업무 관련 통화|참고 서적이나 서류 검토","문서 또는 그래픽, 프로그래밍 작업 (컴퓨터 기반 업무)",업무 관련 통화,참고 서적이나 서류 검토,,거의 모든 업무를 내 자리에서 수행한다.,,"팀원 또는 유관부서와의 정보 공유, 의사결정 등을 위한 정형회의|비정기적으로 의견을 교류하는 캐주얼 회의|외부 인원(계열사, 협력사 등)과의 업무 협의 회의","팀원 또는 유관부서와의 정보 공유, 의사결정 등을 위한 정형회의",비정기적으로 의견을 교류하는 캐주얼 회의,"외부 인원(계열사, 협력사 등)과의 업무 협의 회의",,1-2회,1시간~1시간 30분,5-8인|4인 이하|9-16인,5-8인,4인 이하,9-16인,분리된 공간에서 조용하게 집중 업무|장비가 잘 갖춰진 회의공간에서 밀도 높은 미팅|별도로 마련된 공간에서 고객 및 방문자 응대,분리된 공간에서 조용하게 집중 업무,장비가 잘 갖춰진 회의공간에서 밀도 높은 미팅,별도로 마련된 공간에서 고객 및 방문자 응대,,5,5,5,2,3,2,4,3,3,3,3,3,2,2,4,3,2,3,3,3,4,4,3,4
2025,14,,"문서 또는 그래픽, 프로그래밍 작업 (컴퓨터 기반 업무)|참고 서적이나 서류 검토|업무 관련 통화","문서 또는 그래픽, 프로그래밍 작업 (컴퓨터 기반 업무)",참고 서적이나 서류 검토,업무 관련 통화,,거의 모든 업무를 내 자리에서 수행한다.,,자유롭게 아이디어를 나누는 브레인스토밍 회의|비정기적으로 의견을 교류하는 캐주얼 회의|지식 공유 목적의 교육 및 세미나,자유롭게 아이디어를 나누는 브레인스토밍 회의,비정기적으로 의견을 교류하는 캐주얼 회의,지식 공유 목적의 교육 및 세미나,,1-2회,30분 미만,4인 이하|5-8인|9-16인,4인 이하,5-8인,9-16인,분리된 공간에서 조용하게 집중 업무|조직 구성원과의 편안한 대화|별도로 마련된 공간에서 고객 및 방문자 응대,분리된 공간에서 조용하게 집중 업무,조직 구성원과의 편안한 대화,별도로 마련된 공간에서 고객 및 방문자 응대,,4,4,3,2,2,2,2,2,3,2,3,2,4,4,2,2,3,2,2,3,2,4,2,3
2025,15,,"문서 또는 그래픽, 프로그래밍 작업 (컴퓨터 기반 업무)|참고 서적이나 서류 검토|샘플이나 실물 검토/목업","문서 또는 그래픽, 프로그래밍 작업 (컴퓨터 기반 업무)",참고 서적이나 서류 검토,샘플이나 실물 검토/목업,,거의 모든 업무를 내 자리에서 수행한다.,,"팀원 또는 유관부서와의 정보 공유, 의사결정 등을 위한 정형회의|비정기적으로 의견을 교류하는 캐주얼 회의|지식 공유 목적의 교육 및 세미나","팀원 또는 유관부서와의 정보 공유, 의사결정 등을 위한 정형회의",비정기적으로 의견을 교류하는 캐주얼 회의,지식 공유 목적의 교육 및 세미나,,1-2회,30분 미만,4인 이하|5-8인|17인 이상,4인 이하,5-8인,17인 이상,분리된 공간에서 조용하게 집중 업무|출근 직후 또는 업무 중 짧은 휴식|출근 직후 및 점심 시간에 간단한 취식,분리된 공간에서 조용하게 집중 업무,출근 직후 또는 업무 중 짧은 휴식,출근 직후 및 점심 시간에 간단한 취식,,2,4,,,,,,,,,,,,,,,,,,,,,,
2025,16,,업무 관련 통화|참고 서적이나 서류 검토|샘플이나 실물 검토/목업,업무 관련 통화,참고 서적이나 서류 검토,샘플이나 실물 검토/목업,,일정 시간 사무실 외부 공간에서 업무를 수행한다.,,"팀원 또는 유관부서와의 정보 공유, 의사결정 등을 위한 정형회의|외부 인원(계열사, 협력사 등)과의 업무 협의 회의|자유롭게 아이디어를 나누는 브레인스토밍 회의","팀원 또는 유관부서와의 정보 공유, 의사결정 등을 위한 정형회의","외부 인원(계열사, 협력사 등)과의 업무 협의 회의",자유롭게 아이디어를 나누는 브레인스토밍 회의,,1-2회,30분~1시간,4인 이하|5-8인|9-16인,4인 이하,5-8인,9-16인,조직 구성원이 모여 자유로운 업무공유 및 토론|카페 같은 분위기와 오픈된 공간에서 캐주얼한 미팅|별도로 마련된 공간에서 고객 및 방문자 응대,조직 구성원이 모여 자유로운 업무공유 및 토론,카페 같은 분위기와 오픈된 공간에서 캐주얼한 미팅,별도로 마련된 공간에서 고객 및 방문자 응대,,4,5,3,2,3,2,3,3,4,3,3,3,4,4,4,2,2,4,4,3,3,4,3,3
2025,17,,참고 서적이나 서류 검토|업무 관련 통화|1인 컨퍼런스콜 / 화상회의,참고 서적이나 서류 검토,업무 관련 통화,1인 컨퍼런스콜 / 화상회의,,내 자리 또는 사무실 내 오픈 라운지에서 수행한다.,,,,,,,,,,,,,,,,,,,,,,,,,,,,,,,,,,,,,,,,,
2025,18,,"문서 또는 그래픽, 프로그래밍 작업 (컴퓨터 기반 업무)|참고 서적이나 서류 검토|업무 관련 통화","문서 또는 그래픽, 프로그래밍 작업 (컴퓨터 기반 업무)",참고 서적이나 서류 검토,업무 관련 통화,,거의 모든 업무를 내 자리에서 수행한다.,,"팀원 또는 유관부서와의 정보 공유, 의사결정 등을 위한 정형회의|자유롭게 아이디어를 나누는 브레인스토밍 회의|외부 인원(계열사, 협력사 등)과의 업무 협의 회의","팀원 또는 유관부서와의 정보 공유, 의사결정 등을 위한 정형회의",자유롭게 아이디어를 나누는 브레인스토밍 회의,"외부 인원(계열사, 협력사 등)과의 업무 협의 회의",,3-4회,30분~1시간,4인 이하|5-8인|9-16인,4인 이하,5-8인,9-16인,조직 구성원이 모여 자유로운 업무공유 및 토론|장비가 잘 갖춰진 회의공간에서 밀도 높은 미팅|별도로 마련된 공간에서 고객 및 방문자 응대,조직 구성원이 모여 자유로운 업무공유 및 토론,장비가 잘 갖춰진 회의공간에서 밀도 높은 미팅,별도로 마련된 공간에서 고객 및 방문자 응대,,4,3,2,2,2,1,3,2,4,3,2,3,2,2,1,4,2,3,2,3,1,5,2,3
2025,19,,"문서 또는 그래픽, 프로그래밍 작업 (컴퓨터 기반 업무)|업무 관련 통화|참고 서적이나 서류 검토","문서 또는 그래픽, 프로그래밍 작업 (컴퓨터 기반 업무)",업무 관련 통화,참고 서적이나 서류 검토,,일정 시간 사무실 외부 공간에서 업무를 수행한다.,,"비정기적으로 의견을 교류하는 캐주얼 회의|팀원 또는 유관부서와의 정보 공유, 의사결정 등을 위한 정형회의|자유롭게 아이디어를 나누는 브레인스토밍 회의",비정기적으로 의견을 교류하는 캐주얼 회의,"팀원 또는 유관부서와의 정보 공유, 의사결정 등을 위한 정형회의",자유롭게 아이디어를 나누는 브레인스토밍 회의,,1-2회,30분~1시간,5-8인|4인 이하|9-16인,5-8인,4인 이하,9-16인,출근 직후 및 점심 시간에 간단한 취식|조직 구성원과의 편안한 대화|출근 직후 또는 업무 중 짧은 휴식,출근 직후 및 점심 시간에 간단한 취식,조직 구성원과의 편안한 대화,출근 직후 또는 업무 중 짧은 휴식,,5,4,4,4,4,1,1,1,3,1,1,2,2,2,1,1,1,1,6,5,1,5,1,1
2025,20,,"문서 또는 그래픽, 프로그래밍 작업 (컴퓨터 기반 업무)|참고 서적이나 서류 검토|1인 컨퍼런스콜 / 화상회의","문서 또는 그래픽, 프로그래밍 작업 (컴퓨터 기반 업무)",참고 서적이나 서류 검토,1인 컨퍼런스콜 / 화상회의,,거의 모든 업무를 내 자리에서 수행한다.,,"팀원 또는 유관부서와의 정보 공유, 의사결정 등을 위한 정형회의|외부 인원(계열사, 협력사 등)과의 업무 협의 회의|자유롭게 아이디어를 나누는 브레인스토밍 회의","팀원 또는 유관부서와의 정보 공유, 의사결정 등을 위한 정형회의","외부 인원(계열사, 협력사 등)과의 업무 협의 회의",자유롭게 아이디어를 나누는 브레인스토밍 회의,,1-2회,30분 미만,4인 이하|5-8인|9-16인,4인 이하,5-8인,9-16인,조직 구성원과의 편안한 대화|분리된 공간에서 조용하게 집중 업무|캐주얼한 분위기에서 편안하게 업무,조직 구성원과의 편안한 대화,분리된 공간에서 조용하게 집중 업무,캐주얼한 분위기에서 편안하게 업무,,3,4,3,3,3,3,3,3,3,3,3,3,5,5,5,5,5,5,5,5,4,4,4,4
2025,21,,"문서 또는 그래픽, 프로그래밍 작업 (컴퓨터 기반 업무)|참고 서적이나 서류 검토|업무 관련 통화","문서 또는 그래픽, 프로그래밍 작업 (컴퓨터 기반 업무)",참고 서적이나 서류 검토,업무 관련 통화,,거의 모든 업무를 내 자리에서 수행한다.,,"팀원 또는 유관부서와의 정보 공유, 의사결정 등을 위한 정형회의|자유롭게 아이디어를 나누는 브레인스토밍 회의|비정기적으로 의견을 교류하는 캐주얼 회의","팀원 또는 유관부서와의 정보 공유, 의사결정 등을 위한 정형회의",자유롭게 아이디어를 나누는 브레인스토밍 회의,비정기적으로 의견을 교류하는 캐주얼 회의,,1-2회,30분~1시간,4인 이하|5-8인|9-16인,4인 이하,5-8인,9-16인,분리된 공간에서 조용하게 집중 업무|조직 구성원이 모여 자유로운 업무공유 및 토론|출근 직후 또는 업무 중 짧은 휴식,분리된 공간에서 조용하게 집중 업무,조직 구성원이 모여 자유로운 업무공유 및 토론,출근 직후 또는 업무 중 짧은 휴식,,4,4,4,4,4,3,3,3,4,3,3,3,2,2,2,2,2,3,4,4,4,5,3,6
2025,22,,"문서 또는 그래픽, 프로그래밍 작업 (컴퓨터 기반 업무)|업무 관련 통화|참고 서적이나 서류 검토","문서 또는 그래픽, 프로그래밍 작업 (컴퓨터 기반 업무)",업무 관련 통화,참고 서적이나 서류 검토,,거의 모든 업무를 내 자리에서 수행한다.,,"비정기적으로 의견을 교류하는 캐주얼 회의|팀원 또는 유관부서와의 정보 공유, 의사결정 등을 위한 정형회의|자유롭게 아이디어를 나누는 브레인스토밍 회의",비정기적으로 의견을 교류하는 캐주얼 회의,"팀원 또는 유관부서와의 정보 공유, 의사결정 등을 위한 정형회의",자유롭게 아이디어를 나누는 브레인스토밍 회의,,3-4회,30분~1시간,4인 이하|5-8인|9-16인,4인 이하,5-8인,9-16인,별도로 마련된 공간에서 고객 및 방문자 응대|캐주얼한 분위기에서 편안하게 업무|장비가 잘 갖춰진 회의공간에서 밀도 높은 미팅,별도로 마련된 공간에서 고객 및 방문자 응대,캐주얼한 분위기에서 편안하게 업무,장비가 잘 갖춰진 회의공간에서 밀도 높은 미팅,,3,4,3,2,2,2,2,3,3,3,2,3,2,2,1,2,2,2,2,2,1,2,2,2
2025,23,,"문서 또는 그래픽, 프로그래밍 작업 (컴퓨터 기반 업무)|참고 서적이나 서류 검토|샘플이나 실물 검토/목업","문서 또는 그래픽, 프로그래밍 작업 (컴퓨터 기반 업무)",참고 서적이나 서류 검토,샘플이나 실물 검토/목업,,내 자리 또는 사무실 내 오픈 라운지에서 수행한다.,,"비정기적으로 의견을 교류하는 캐주얼 회의|자유롭게 아이디어를 나누는 브레인스토밍 회의|팀원 또는 유관부서와의 정보 공유, 의사결정 등을 위한 정형회의",비정기적으로 의견을 교류하는 캐주얼 회의,자유롭게 아이디어를 나누는 브레인스토밍 회의,"팀원 또는 유관부서와의 정보 공유, 의사결정 등을 위한 정형회의",,5-6회,30분~1시간,4인 이하|5-8인|9-16인,4인 이하,5-8인,9-16인,카페 같은 분위기와 오픈된 공간에서 캐주얼한 미팅|조직 구성원과의 편안한 대화|별도로 마련된 공간에서 고객 및 방문자 응대,카페 같은 분위기와 오픈된 공간에서 캐주얼한 미팅,조직 구성원과의 편안한 대화,별도로 마련된 공간에서 고객 및 방문자 응대,,4,5,2,2,3,2,2,2,4,4,4,4,3,3,3,2,3,5,5,4,6,6,2,4
2025,24,,"문서 또는 그래픽, 프로그래밍 작업 (컴퓨터 기반 업무)|업무 관련 통화|참고 서적이나 서류 검토","문서 또는 그래픽, 프로그래밍 작업 (컴퓨터 기반 업무)",업무 관련 통화,참고 서적이나 서류 검토,,내 자리 또는 사무실 내 1인 업무 공간에서 수행한다.,,"자유롭게 아이디어를 나누는 브레인스토밍 회의|지식 공유 목적의 교육 및 세미나|외부 인원(계열사, 협력사 등)과의 업무 협의 회의",자유롭게 아이디어를 나누는 브레인스토밍 회의,지식 공유 목적의 교육 및 세미나,"외부 인원(계열사, 협력사 등)과의 업무 협의 회의",,1-2회,30분 미만,4인 이하|5-8인|9-16인,4인 이하,5-8인,9-16인,출근 직후 및 점심 시간에 간단한 취식|출근 직후 또는 업무 중 짧은 휴식|별도로 마련된 공간에서 고객 및 방문자 응대,출근 직후 및 점심 시간에 간단한 취식,출근 직후 또는 업무 중 짧은 휴식,별도로 마련된 공간에서 고객 및 방문자 응대,,4,3,3,3,3,3,3,3,3,3,3,3,4,4,4,4,4,4,4,4,4,4,4,4
2025,25,,"참고 서적이나 서류 검토|문서 또는 그래픽, 프로그래밍 작업 (컴퓨터 기반 업무)|업무 관련 통화",참고 서적이나 서류 검토,"문서 또는 그래픽, 프로그래밍 작업 (컴퓨터 기반 업무)",업무 관련 통화,,내 자리 또는 사무실 내 오픈 라운지에서 수행한다.,,"팀원 또는 유관부서와의 정보 공유, 의사결정 등을 위한 정형회의|외부 인원(계열사, 협력사 등)과의 업무 협의 회의|지식 공유 목적의 교육 및 세미나","팀원 또는 유관부서와의 정보 공유, 의사결정 등을 위한 정형회의","외부 인원(계열사, 협력사 등)과의 업무 협의 회의",지식 공유 목적의 교육 및 세미나,,1-2회,30분~1시간,5-8인|4인 이하|9-16인,5-8인,4인 이하,9-16인,분리된 공간에서 조용하게 집중 업무|카페 같은 분위기와 오픈된 공간에서 캐주얼한 미팅|별도로 마련된 공간에서 고객 및 방문자 응대,분리된 공간에서 조용하게 집중 업무,카페 같은 분위기와 오픈된 공간에서 캐주얼한 미팅,별도로 마련된 공간에서 고객 및 방문자 응대,,5,3,3,2,3,1,4,3,2,2,4,3,2,3,4,2,4,4,3,4,3,4,1,2
2025,26,,"업무 관련 통화|문서 또는 그래픽, 프로그래밍 작업 (컴퓨터 기반 업무)|참고 서적이나 서류 검토",업무 관련 통화,"문서 또는 그래픽, 프로그래밍 작업 (컴퓨터 기반 업무)",참고 서적이나 서류 검토,,거의 모든 업무를 내 자리에서 수행한다.,,"팀원 또는 유관부서와의 정보 공유, 의사결정 등을 위한 정형회의|자유롭게 아이디어를 나누는 브레인스토밍 회의|비정기적으로 의견을 교류하는 캐주얼 회의","팀원 또는 유관부서와의 정보 공유, 의사결정 등을 위한 정형회의",자유롭게 아이디어를 나누는 브레인스토밍 회의,비정기적으로 의견을 교류하는 캐주얼 회의,,3-4회,30분~1시간,4인 이하|5-8인|9-16인,4인 이하,5-8인,9-16인,캐주얼한 분위기에서 편안하게 업무|분리된 공간에서 조용하게 집중 업무|카페 같은 분위기와 오픈된 공간에서 캐주얼한 미팅,캐주얼한 분위기에서 편안하게 업무,분리된 공간에서 조용하게 집중 업무,카페 같은 분위기와 오픈된 공간에서 캐주얼한 미팅,,4,3,3,2,2,1,2,1,3,2,2,5,1,1,1,1,2,2,2,1,4,2,2,1
2025,27,,"문서 또는 그래픽, 프로그래밍 작업 (컴퓨터 기반 업무)|참고 서적이나 서류 검토|업무 관련 통화","문서 또는 그래픽, 프로그래밍 작업 (컴퓨터 기반 업무)",참고 서적이나 서류 검토,업무 관련 통화,,내 자리 또는 사무실 내 오픈 라운지에서 수행한다.,,"팀원 또는 유관부서와의 정보 공유, 의사결정 등을 위한 정형회의|지식 공유 목적의 교육 및 세미나|외부 인원(계열사, 협력사 등)과의 업무 협의 회의","팀원 또는 유관부서와의 정보 공유, 의사결정 등을 위한 정형회의",지식 공유 목적의 교육 및 세미나,"외부 인원(계열사, 협력사 등)과의 업무 협의 회의",,3-4회,30분~1시간,4인 이하|5-8인|9-16인,4인 이하,5-8인,9-16인,조직 구성원과의 편안한 대화|캐주얼한 분위기에서 편안하게 업무|분리된 공간에서 조용하게 집중 업무,조직 구성원과의 편안한 대화,캐주얼한 분위기에서 편안하게 업무,분리된 공간에서 조용하게 집중 업무,,4,4,5,5,5,5,5,5,5,5,5,5,7,7,7,7,7,7,7,7,7,7,7,7
2025,28,,"문서 또는 그래픽, 프로그래밍 작업 (컴퓨터 기반 업무)|참고 서적이나 서류 검토|업무 관련 통화","문서 또는 그래픽, 프로그래밍 작업 (컴퓨터 기반 업무)",참고 서적이나 서류 검토,업무 관련 통화,,거의 모든 업무를 내 자리에서 수행한다.,,"비정기적으로 의견을 교류하는 캐주얼 회의|팀원 또는 유관부서와의 정보 공유, 의사결정 등을 위한 정형회의|자유롭게 아이디어를 나누는 브레인스토밍 회의",비정기적으로 의견을 교류하는 캐주얼 회의,"팀원 또는 유관부서와의 정보 공유, 의사결정 등을 위한 정형회의",자유롭게 아이디어를 나누는 브레인스토밍 회의,,해당사항 없음,해당사항 없음,5-8인|4인 이하|9-16인,5-8인,4인 이하,9-16인,조직 구성원과의 편안한 대화|출근 직후 및 점심 시간에 간단한 취식|별도로 마련된 공간에서 고객 및 방문자 응대,조직 구성원과의 편안한 대화,출근 직후 및 점심 시간에 간단한 취식,별도로 마련된 공간에서 고객 및 방문자 응대,,4,4,3,3,3,3,3,3,4,3,3,3,4,4,3,3,3,4,5,4,3,5,3,4
2025,29,,"참고 서적이나 서류 검토|문서 또는 그래픽, 프로그래밍 작업 (컴퓨터 기반 업무)|업무 관련 통화",참고 서적이나 서류 검토,"문서 또는 그래픽, 프로그래밍 작업 (컴퓨터 기반 업무)",업무 관련 통화,,거의 모든 업무를 내 자리에서 수행한다.,,"팀원 또는 유관부서와의 정보 공유, 의사결정 등을 위한 정형회의|외부 인원(계열사, 협력사 등)과의 업무 협의 회의|지식 공유 목적의 교육 및 세미나","팀원 또는 유관부서와의 정보 공유, 의사결정 등을 위한 정형회의","외부 인원(계열사, 협력사 등)과의 업무 협의 회의",지식 공유 목적의 교육 및 세미나,,3-4회,30분~1시간,4인 이하|5-8인|9-16인,4인 이하,5-8인,9-16인,조직 구성원이 모여 자유로운 업무공유 및 토론|캐주얼한 분위기에서 편안하게 업무|출근 직후 또는 업무 중 짧은 휴식,조직 구성원이 모여 자유로운 업무공유 및 토론,캐주얼한 분위기에서 편안하게 업무,출근 직후 또는 업무 중 짧은 휴식,,4,4,2,1,1,1,3,1,3,3,2,3,2,2,1,1,1,2,2,2,1,4,1,2
2025,30,,"문서 또는 그래픽, 프로그래밍 작업 (컴퓨터 기반 업무)|참고 서적이나 서류 검토|업무 관련 통화","문서 또는 그래픽, 프로그래밍 작업 (컴퓨터 기반 업무)",참고 서적이나 서류 검토,업무 관련 통화,,거의 모든 업무를 내 자리에서 수행한다.,,"외부 인원(계열사, 협력사 등)과의 업무 협의 회의|팀원 또는 유관부서와의 정보 공유, 의사결정 등을 위한 정형회의|자유롭게 아이디어를 나누는 브레인스토밍 회의","외부 인원(계열사, 협력사 등)과의 업무 협의 회의","팀원 또는 유관부서와의 정보 공유, 의사결정 등을 위한 정형회의",자유롭게 아이디어를 나누는 브레인스토밍 회의,,3-4회,30분~1시간,4인 이하|5-8인|9-16인,4인 이하,5-8인,9-16인,별도로 마련된 공간에서 고객 및 방문자 응대|조직 구성원이 모여 자유로운 업무공유 및 토론|캐주얼한 분위기에서 편안하게 업무,별도로 마련된 공간에서 고객 및 방문자 응대,조직 구성원이 모여 자유로운 업무공유 및 토론,캐주얼한 분위기에서 편안하게 업무,,5,5,4,3,3,2,4,3,4,3,3,4,4,4,3,2,3,5,5,4,6,5,3,4
2025,31,,"참고 서적이나 서류 검토|업무 관련 통화|문서 또는 그래픽, 프로그래밍 작업 (컴퓨터 기반 업무)",참고 서적이나 서류 검토,업무 관련 통화,"문서 또는 그래픽, 프로그래밍 작업 (컴퓨터 기반 업무)",,내 자리 또는 사무실 내 오픈 라운지에서 수행한다.,,"지식 공유 목적의 교육 및 세미나|외부 인원(계열사, 협력사 등)과의 업무 협의 회의|팀원 또는 유관부서와의 정보 공유, 의사결정 등을 위한 정형회의",지식 공유 목적의 교육 및 세미나,"외부 인원(계열사, 협력사 등)과의 업무 협의 회의","팀원 또는 유관부서와의 정보 공유, 의사결정 등을 위한 정형회의",,3-4회,30분 미만,4인 이하|5-8인|9-16인,4인 이하,5-8인,9-16인,분리된 공간에서 조용하게 집중 업무|조직 구성원과의 편안한 대화|조직 구성원이 모여 자유로운 업무공유 및 토론,분리된 공간에서 조용하게 집중 업무,조직 구성원과의 편안한 대화,조직 구성원이 모여 자유로운 업무공유 및 토론,,5,4,4,4,4,3,4,3,4,4,4,4,6,6,4,4,5,5,5,5,4,6,5,6
2025,32,,"참고 서적이나 서류 검토|샘플이나 실물 검토/목업|문서 또는 그래픽, 프로그래밍 작업 (컴퓨터 기반 업무)",참고 서적이나 서류 검토,샘플이나 실물 검토/목업,"문서 또는 그래픽, 프로그래밍 작업 (컴퓨터 기반 업무)",,거의 모든 업무를 내 자리에서 수행한다.,,"자유롭게 아이디어를 나누는 브레인스토밍 회의|비정기적으로 의견을 교류하는 캐주얼 회의|외부 인원(계열사, 협력사 등)과의 업무 협의 회의",자유롭게 아이디어를 나누는 브레인스토밍 회의,비정기적으로 의견을 교류하는 캐주얼 회의,"외부 인원(계열사, 협력사 등)과의 업무 협의 회의",,9회 이상,30분~1시간,4인 이하|5-8인|9-16인,4인 이하,5-8인,9-16인,분리된 공간에서 조용하게 집중 업무|조직 구성원이 모여 자유로운 업무공유 및 토론|출근 직후 또는 업무 중 짧은 휴식,분리된 공간에서 조용하게 집중 업무,조직 구성원이 모여 자유로운 업무공유 및 토론,출근 직후 또는 업무 중 짧은 휴식,,5,3,3,3,3,3,3,2,2,2,2,2,4,4,4,4,4,4,4,4,4,4,4,4
2025,33,,"문서 또는 그래픽, 프로그래밍 작업 (컴퓨터 기반 업무)|업무 관련 통화|참고 서적이나 서류 검토","문서 또는 그래픽, 프로그래밍 작업 (컴퓨터 기반 업무)",업무 관련 통화,참고 서적이나 서류 검토,,내 자리 또는 사무실 내 오픈 라운지에서 수행한다.,,"자유롭게 아이디어를 나누는 브레인스토밍 회의|비정기적으로 의견을 교류하는 캐주얼 회의|팀원 또는 유관부서와의 정보 공유, 의사결정 등을 위한 정형회의",자유롭게 아이디어를 나누는 브레인스토밍 회의,비정기적으로 의견을 교류하는 캐주얼 회의,"팀원 또는 유관부서와의 정보 공유, 의사결정 등을 위한 정형회의",,3-4회,1시간~1시간 30분,4인 이하|5-8인|9-16인,4인 이하,5-8인,9-16인,카페 같은 분위기와 오픈된 공간에서 캐주얼한 미팅|출근 직후 및 점심 시간에 간단한 취식|캐주얼한 분위기에서 편안하게 업무,카페 같은 분위기와 오픈된 공간에서 캐주얼한 미팅,출근 직후 및 점심 시간에 간단한 취식,캐주얼한 분위기에서 편안하게 업무,,3,5,1,1,1,2,2,1,3,1,3,4,1,1,1,1,3,3,4,4,1,1,1,4
2025,34,,"참고 서적이나 서류 검토|문서 또는 그래픽, 프로그래밍 작업 (컴퓨터 기반 업무)|업무 관련 통화",참고 서적이나 서류 검토,"문서 또는 그래픽, 프로그래밍 작업 (컴퓨터 기반 업무)",업무 관련 통화,,내 자리 또는 사무실 내 오픈 라운지에서 수행한다.,,"외부 인원(계열사, 협력사 등)과의 업무 협의 회의|팀원 또는 유관부서와의 정보 공유, 의사결정 등을 위한 정형회의|지식 공유 목적의 교육 및 세미나","외부 인원(계열사, 협력사 등)과의 업무 협의 회의","팀원 또는 유관부서와의 정보 공유, 의사결정 등을 위한 정형회의",지식 공유 목적의 교육 및 세미나,,1-2회,30분~1시간,5-8인|4인 이하|9-16인,5-8인,4인 이하,9-16인,,,,,,,,,,,,,,,,,,,,,,,,,,,,,
2025,35,,"참고 서적이나 서류 검토|업무 관련 통화|문서 또는 그래픽, 프로그래밍 작업 (컴퓨터 기반 업무)",참고 서적이나 서류 검토,업무 관련 통화,"문서 또는 그래픽, 프로그래밍 작업 (컴퓨터 기반 업무)",,내 자리 또는 사무실 내 1인 업무 공간에서 수행한다.,,"외부 인원(계열사, 협력사 등)과의 업무 협의 회의|팀원 또는 유관부서와의 정보 공유, 의사결정 등을 위한 정형회의|비정기적으로 의견을 교류하는 캐주얼 회의","외부 인원(계열사, 협력사 등)과의 업무 협의 회의","팀원 또는 유관부서와의 정보 공유, 의사결정 등을 위한 정형회의",비정기적으로 의견을 교류하는 캐주얼 회의,,3-4회,30분~1시간,5-8인|4인 이하|9-16인,5-8인,4인 이하,9-16인,출근 직후 및 점심 시간에 간단한 취식|출근 직후 또는 업무 중 짧은 휴식|카페 같은 분위기와 오픈된 공간에서 캐주얼한 미팅,출근 직후 및 점심 시간에 간단한 취식,출근 직후 또는 업무 중 짧은 휴식,카페 같은 분위기와 오픈된 공간에서 캐주얼한 미팅,,3,5,2,1,1,1,1,1,1,1,1,1,1,1,1,1,1,6,1,1,1,1,1,1
2025,36,,"참고 서적이나 서류 검토|업무 관련 통화|문서 또는 그래픽, 프로그래밍 작업 (컴퓨터 기반 업무)",참고 서적이나 서류 검토,업무 관련 통화,"문서 또는 그래픽, 프로그래밍 작업 (컴퓨터 기반 업무)",,내 자리 또는 사무실 내 오픈 라운지에서 수행한다.,,"외부 인원(계열사, 협력사 등)과의 업무 협의 회의|비정기적으로 의견을 교류하는 캐주얼 회의|자유롭게 아이디어를 나누는 브레인스토밍 회의","외부 인원(계열사, 협력사 등)과의 업무 협의 회의",비정기적으로 의견을 교류하는 캐주얼 회의,자유롭게 아이디어를 나누는 브레인스토밍 회의,,9회 이상,30분~1시간,4인 이하|5-8인|9-16인,4인 이하,5-8인,9-16인,별도로 마련된 공간에서 고객 및 방문자 응대|분리된 공간에서 조용하게 집중 업무|조직 구성원이 모여 자유로운 업무공유 및 토론,별도로 마련된 공간에서 고객 및 방문자 응대,분리된 공간에서 조용하게 집중 업무,조직 구성원이 모여 자유로운 업무공유 및 토론,,4,4,3,2,2,2,2,2,4,3,3,3,4,4,3,3,2,2,2,2,2,3,3,4
2025,37,,"문서 또는 그래픽, 프로그래밍 작업 (컴퓨터 기반 업무)|샘플이나 실물 검토/목업|참고 서적이나 서류 검토","문서 또는 그래픽, 프로그래밍 작업 (컴퓨터 기반 업무)",샘플이나 실물 검토/목업,참고 서적이나 서류 검토,,내 자리 또는 사무실 내 오픈 라운지에서 수행한다.,,"자유롭게 아이디어를 나누는 브레인스토밍 회의|비정기적으로 의견을 교류하는 캐주얼 회의|외부 인원(계열사, 협력사 등)과의 업무 협의 회의",자유롭게 아이디어를 나누는 브레인스토밍 회의,비정기적으로 의견을 교류하는 캐주얼 회의,"외부 인원(계열사, 협력사 등)과의 업무 협의 회의",,1-2회,30분~1시간,5-8인|4인 이하|9-16인,5-8인,4인 이하,9-16인,캐주얼한 분위기에서 편안하게 업무|별도로 마련된 공간에서 고객 및 방문자 응대|카페 같은 분위기와 오픈된 공간에서 캐주얼한 미팅,캐주얼한 분위기에서 편안하게 업무,별도로 마련된 공간에서 고객 및 방문자 응대,카페 같은 분위기와 오픈된 공간에서 캐주얼한 미팅,,4,5,2,2,2,2,2,2,4,3,2,4,1,1,1,1,1,1,3,1,1,3,1,3
2025,38,,"문서 또는 그래픽, 프로그래밍 작업 (컴퓨터 기반 업무)|참고 서적이나 서류 검토|업무 관련 통화","문서 또는 그래픽, 프로그래밍 작업 (컴퓨터 기반 업무)",참고 서적이나 서류 검토,업무 관련 통화,,거의 모든 업무를 내 자리에서 수행한다.,,"지식 공유 목적의 교육 및 세미나|외부 인원(계열사, 협력사 등)과의 업무 협의 회의|팀원 또는 유관부서와의 정보 공유, 의사결정 등을 위한 정형회의",지식 공유 목적의 교육 및 세미나,"외부 인원(계열사, 협력사 등)과의 업무 협의 회의","팀원 또는 유관부서와의 정보 공유, 의사결정 등을 위한 정형회의",,1-2회,30분~1시간,4인 이하|5-8인|9-16인,4인 이하,5-8인,9-16인,분리된 공간에서 조용하게 집중 업무|출근 직후 및 점심 시간에 간단한 취식|별도로 마련된 공간에서 고객 및 방문자 응대,분리된 공간에서 조용하게 집중 업무,출근 직후 및 점심 시간에 간단한 취식,별도로 마련된 공간에서 고객 및 방문자 응대,,5,5,5,5,5,5,5,5,5,5,5,5,7,7,6,6,7,7,7,7,6,7,6,7
2025,39,,"문서 또는 그래픽, 프로그래밍 작업 (컴퓨터 기반 업무)|참고 서적이나 서류 검토|샘플이나 실물 검토/목업","문서 또는 그래픽, 프로그래밍 작업 (컴퓨터 기반 업무)",참고 서적이나 서류 검토,샘플이나 실물 검토/목업,,거의 모든 업무를 내 자리에서 수행한다.,,"비정기적으로 의견을 교류하는 캐주얼 회의|팀원 또는 유관부서와의 정보 공유, 의사결정 등을 위한 정형회의|지식 공유 목적의 교육 및 세미나",비정기적으로 의견을 교류하는 캐주얼 회의,"팀원 또는 유관부서와의 정보 공유, 의사결정 등을 위한 정형회의",지식 공유 목적의 교육 및 세미나,,1-2회,30분~1시간,4인 이하|5-8인|9-16인,4인 이하,5-8인,9-16인,분리된 공간에서 조용하게 집중 업무|캐주얼한 분위기에서 편안하게 업무|조직 구성원이 모여 자유로운 업무공유 및 토론,분리된 공간에서 조용하게 집중 업무,캐주얼한 분위기에서 편안하게 업무,조직 구성원이 모여 자유로운 업무공유 및 토론,,3,3,4,4,4,4,4,4,4,4,4,4,4,5,4,4,4,4,4,4,4,4,4,4
2025,40,,"참고 서적이나 서류 검토|업무 관련 통화|문서 또는 그래픽, 프로그래밍 작업 (컴퓨터 기반 업무)",참고 서적이나 서류 검토,업무 관련 통화,"문서 또는 그래픽, 프로그래밍 작업 (컴퓨터 기반 업무)",,거의 모든 업무를 내 자리에서 수행한다.,,"외부 인원(계열사, 협력사 등)과의 업무 협의 회의|팀원 또는 유관부서와의 정보 공유, 의사결정 등을 위한 정형회의|자유롭게 아이디어를 나누는 브레인스토밍 회의","외부 인원(계열사, 협력사 등)과의 업무 협의 회의","팀원 또는 유관부서와의 정보 공유, 의사결정 등을 위한 정형회의",자유롭게 아이디어를 나누는 브레인스토밍 회의,,3-4회,30분~1시간,5-8인|4인 이하|9-16인,5-8인,4인 이하,9-16인,분리된 공간에서 조용하게 집중 업무|장비가 잘 갖춰진 회의공간에서 밀도 높은 미팅|출근 직후 및 점심 시간에 간단한 취식,분리된 공간에서 조용하게 집중 업무,장비가 잘 갖춰진 회의공간에서 밀도 높은 미팅,출근 직후 및 점심 시간에 간단한 취식,,5,4,3,2,2,2,3,2,4,2,3,3,4,4,3,3,2,3,3,3,3,4,2,3
2025,41,,"문서 또는 그래픽, 프로그래밍 작업 (컴퓨터 기반 업무)|참고 서적이나 서류 검토|업무 관련 통화","문서 또는 그래픽, 프로그래밍 작업 (컴퓨터 기반 업무)",참고 서적이나 서류 검토,업무 관련 통화,,거의 모든 업무를 내 자리에서 수행한다.,,"팀원 또는 유관부서와의 정보 공유, 의사결정 등을 위한 정형회의|자유롭게 아이디어를 나누는 브레인스토밍 회의|비정기적으로 의견을 교류하는 캐주얼 회의","팀원 또는 유관부서와의 정보 공유, 의사결정 등을 위한 정형회의",자유롭게 아이디어를 나누는 브레인스토밍 회의,비정기적으로 의견을 교류하는 캐주얼 회의,,1-2회,30분 미만,5-8인|4인 이하|9-16인,5-8인,4인 이하,9-16인,분리된 공간에서 조용하게 집중 업무|출근 직후 또는 업무 중 짧은 휴식|캐주얼한 분위기에서 편안하게 업무,분리된 공간에서 조용하게 집중 업무,출근 직후 또는 업무 중 짧은 휴식,캐주얼한 분위기에서 편안하게 업무,,4,4,3,2,3,1,3,1,1,1,2,3,1,1,1,1,2,2,2,3,1,3,1,1
2025,42,,"문서 또는 그래픽, 프로그래밍 작업 (컴퓨터 기반 업무)|참고 서적이나 서류 검토|업무 관련 통화","문서 또는 그래픽, 프로그래밍 작업 (컴퓨터 기반 업무)",참고 서적이나 서류 검토,업무 관련 통화,현재 서류 검토할 공간이 다소 협소함. 실물 서류를 검토하는 부서의 특수성 반영되어야 함.,거의 모든 업무를 내 자리에서 수행한다.,,"비정기적으로 의견을 교류하는 캐주얼 회의|팀원 또는 유관부서와의 정보 공유, 의사결정 등을 위한 정형회의|자유롭게 아이디어를 나누는 브레인스토밍 회의",비정기적으로 의견을 교류하는 캐주얼 회의,"팀원 또는 유관부서와의 정보 공유, 의사결정 등을 위한 정형회의",자유롭게 아이디어를 나누는 브레인스토밍 회의,,3-4회,30분 미만,4인 이하|5-8인|9-16인,4인 이하,5-8인,9-16인,분리된 공간에서 조용하게 집중 업무|조직 구성원이 모여 자유로운 업무공유 및 토론|조직 구성원과의 편안한 대화,분리된 공간에서 조용하게 집중 업무,조직 구성원이 모여 자유로운 업무공유 및 토론,조직 구성원과의 편안한 대화,,5,5,3,2,2,1,3,1,4,3,2,2,3,3,1,2,2,4,4,4,2,4,3,2
2025,43,,"문서 또는 그래픽, 프로그래밍 작업 (컴퓨터 기반 업무)|업무 관련 통화|참고 서적이나 서류 검토","문서 또는 그래픽, 프로그래밍 작업 (컴퓨터 기반 업무)",업무 관련 통화,참고 서적이나 서류 검토,,거의 모든 업무를 내 자리에서 수행한다.,,"비정기적으로 의견을 교류하는 캐주얼 회의|자유롭게 아이디어를 나누는 브레인스토밍 회의|외부 인원(계열사, 협력사 등)과의 업무 협의 회의",비정기적으로 의견을 교류하는 캐주얼 회의,자유롭게 아이디어를 나누는 브레인스토밍 회의,"외부 인원(계열사, 협력사 등)과의 업무 협의 회의",,1-2회,30분 미만,4인 이하|5-8인|9-16인,4인 이하,5-8인,9-16인,캐주얼한 분위기에서 편안하게 업무|출근 직후 및 점심 시간에 간단한 취식|출근 직후 또는 업무 중 짧은 휴식,캐주얼한 분위기에서 편안하게 업무,출근 직후 및 점심 시간에 간단한 취식,출근 직후 또는 업무 중 짧은 휴식,,5,5,1,1,1,1,1,1,3,1,1,3,4,5,2,1,2,2,3,4,1,4,1,4
2025,44,,"업무 관련 통화|문서 또는 그래픽, 프로그래밍 작업 (컴퓨터 기반 업무)|참고 서적이나 서류 검토",업무 관련 통화,"문서 또는 그래픽, 프로그래밍 작업 (컴퓨터 기반 업무)",참고 서적이나 서류 검토,,내 자리 또는 사무실 내 1인 업무 공간에서 수행한다.,,"팀원 또는 유관부서와의 정보 공유, 의사결정 등을 위한 정형회의|외부 인원(계열사, 협력사 등)과의 업무 협의 회의|지식 공유 목적의 교육 및 세미나","팀원 또는 유관부서와의 정보 공유, 의사결정 등을 위한 정형회의","외부 인원(계열사, 협력사 등)과의 업무 협의 회의",지식 공유 목적의 교육 및 세미나,,5-6회,30분~1시간,4인 이하|5-8인|9-16인,4인 이하,5-8인,9-16인,캐주얼한 분위기에서 편안하게 업무|별도로 마련된 공간에서 고객 및 방문자 응대|출근 직후 및 점심 시간에 간단한 취식,캐주얼한 분위기에서 편안하게 업무,별도로 마련된 공간에서 고객 및 방문자 응대,출근 직후 및 점심 시간에 간단한 취식,,5,2,3,1,2,1,2,1,4,3,3,3,4,5,1,3,3,2,5,2,1,4,1,1
2025,45,,"문서 또는 그래픽, 프로그래밍 작업 (컴퓨터 기반 업무)|업무 관련 통화|참고 서적이나 서류 검토","문서 또는 그래픽, 프로그래밍 작업 (컴퓨터 기반 업무)",업무 관련 통화,참고 서적이나 서류 검토,,내 자리 또는 사무실 내 1인 업무 공간에서 수행한다.,,"비정기적으로 의견을 교류하는 캐주얼 회의|팀원 또는 유관부서와의 정보 공유, 의사결정 등을 위한 정형회의|외부 인원(계열사, 협력사 등)과의 업무 협의 회의",비정기적으로 의견을 교류하는 캐주얼 회의,"팀원 또는 유관부서와의 정보 공유, 의사결정 등을 위한 정형회의","외부 인원(계열사, 협력사 등)과의 업무 협의 회의",,1-2회,30분 미만,4인 이하|9-16인|17인 이상,4인 이하,9-16인,17인 이상,분리된 공간에서 조용하게 집중 업무|출근 직후 또는 업무 중 짧은 휴식|별도로 마련된 공간에서 고객 및 방문자 응대,분리된 공간에서 조용하게 집중 업무,출근 직후 또는 업무 중 짧은 휴식,별도로 마련된 공간에서 고객 및 방문자 응대,,4,4,3,3,3,4,4,3,4,4,4,4,4,3,3,2,3,4,4,5,2,6,2,6
2025,46,,"문서 또는 그래픽, 프로그래밍 작업 (컴퓨터 기반 업무)|참고 서적이나 서류 검토|업무 관련 통화","문서 또는 그래픽, 프로그래밍 작업 (컴퓨터 기반 업무)",참고 서적이나 서류 검토,업무 관련 통화,,거의 모든 업무를 내 자리에서 수행한다.,,"비정기적으로 의견을 교류하는 캐주얼 회의|팀원 또는 유관부서와의 정보 공유, 의사결정 등을 위한 정형회의|자유롭게 아이디어를 나누는 브레인스토밍 회의",비정기적으로 의견을 교류하는 캐주얼 회의,"팀원 또는 유관부서와의 정보 공유, 의사결정 등을 위한 정형회의",자유롭게 아이디어를 나누는 브레인스토밍 회의,,1-2회,30분 미만,4인 이하|5-8인|9-16인,4인 이하,5-8인,9-16인,분리된 공간에서 조용하게 집중 업무|카페 같은 분위기와 오픈된 공간에서 캐주얼한 미팅|출근 직후 및 점심 시간에 간단한 취식,분리된 공간에서 조용하게 집중 업무,카페 같은 분위기와 오픈된 공간에서 캐주얼한 미팅,출근 직후 및 점심 시간에 간단한 취식,,5,4,3,3,2,2,2,2,4,3,3,3,3,3,2,1,3,3,3,4,1,3,2,4
2025,47,,"참고 서적이나 서류 검토|문서 또는 그래픽, 프로그래밍 작업 (컴퓨터 기반 업무)|업무 관련 통화",참고 서적이나 서류 검토,"문서 또는 그래픽, 프로그래밍 작업 (컴퓨터 기반 업무)",업무 관련 통화,,거의 모든 업무를 내 자리에서 수행한다.,,"비정기적으로 의견을 교류하는 캐주얼 회의|외부 인원(계열사, 협력사 등)과의 업무 협의 회의|팀원 또는 유관부서와의 정보 공유, 의사결정 등을 위한 정형회의",비정기적으로 의견을 교류하는 캐주얼 회의,"외부 인원(계열사, 협력사 등)과의 업무 협의 회의","팀원 또는 유관부서와의 정보 공유, 의사결정 등을 위한 정형회의",,1-2회,30분~1시간,5-8인|4인 이하|9-16인,5-8인,4인 이하,9-16인,출근 직후 또는 업무 중 짧은 휴식|분리된 공간에서 조용하게 집중 업무|카페 같은 분위기와 오픈된 공간에서 캐주얼한 미팅,출근 직후 또는 업무 중 짧은 휴식,분리된 공간에서 조용하게 집중 업무,카페 같은 분위기와 오픈된 공간에서 캐주얼한 미팅,,5,5,5,1,1,5,5,1,5,1,5,5,7,7,1,1,1,1,1,7,1,7,1,7
2025,48,,"문서 또는 그래픽, 프로그래밍 작업 (컴퓨터 기반 업무)|업무 관련 통화|참고 서적이나 서류 검토","문서 또는 그래픽, 프로그래밍 작업 (컴퓨터 기반 업무)",업무 관련 통화,참고 서적이나 서류 검토,,거의 모든 업무를 내 자리에서 수행한다.,,"팀원 또는 유관부서와의 정보 공유, 의사결정 등을 위한 정형회의|비정기적으로 의견을 교류하는 캐주얼 회의|자유롭게 아이디어를 나누는 브레인스토밍 회의","팀원 또는 유관부서와의 정보 공유, 의사결정 등을 위한 정형회의",비정기적으로 의견을 교류하는 캐주얼 회의,자유롭게 아이디어를 나누는 브레인스토밍 회의,,3-4회,30분~1시간,4인 이하|5-8인|9-16인,4인 이하,5-8인,9-16인,분리된 공간에서 조용하게 집중 업무|출근 직후 및 점심 시간에 간단한 취식|별도로 마련된 공간에서 고객 및 방문자 응대,분리된 공간에서 조용하게 집중 업무,출근 직후 및 점심 시간에 간단한 취식,별도로 마련된 공간에서 고객 및 방문자 응대,,5,5,1,1,1,1,1,1,2,1,1,1,1,1,1,1,1,2,2,1,1,1,1,2
2025,49,,"문서 또는 그래픽, 프로그래밍 작업 (컴퓨터 기반 업무)|참고 서적이나 서류 검토|업무 관련 통화","문서 또는 그래픽, 프로그래밍 작업 (컴퓨터 기반 업무)",참고 서적이나 서류 검토,업무 관련 통화,,내 자리 또는 사무실 내 1인 업무 공간에서 수행한다.,,"자유롭게 아이디어를 나누는 브레인스토밍 회의|팀원 또는 유관부서와의 정보 공유, 의사결정 등을 위한 정형회의|지식 공유 목적의 교육 및 세미나",자유롭게 아이디어를 나누는 브레인스토밍 회의,"팀원 또는 유관부서와의 정보 공유, 의사결정 등을 위한 정형회의",지식 공유 목적의 교육 및 세미나,,1-2회,30분 미만,5-8인|4인 이하|9-16인,5-8인,4인 이하,9-16인,캐주얼한 분위기에서 편안하게 업무|조직 구성원이 모여 자유로운 업무공유 및 토론|출근 직후 또는 업무 중 짧은 휴식,캐주얼한 분위기에서 편안하게 업무,조직 구성원이 모여 자유로운 업무공유 및 토론,출근 직후 또는 업무 중 짧은 휴식,,5,5,4,4,4,4,4,4,4,4,4,4,6,6,6,6,6,6,6,6,6,6,6,6
2025,50,,"문서 또는 그래픽, 프로그래밍 작업 (컴퓨터 기반 업무)|업무 관련 통화|참고 서적이나 서류 검토","문서 또는 그래픽, 프로그래밍 작업 (컴퓨터 기반 업무)",업무 관련 통화,참고 서적이나 서류 검토,,거의 모든 업무를 내 자리에서 수행한다.,,"팀원 또는 유관부서와의 정보 공유, 의사결정 등을 위한 정형회의|외부 인원(계열사, 협력사 등)과의 업무 협의 회의|지식 공유 목적의 교육 및 세미나","팀원 또는 유관부서와의 정보 공유, 의사결정 등을 위한 정형회의","외부 인원(계열사, 협력사 등)과의 업무 협의 회의",지식 공유 목적의 교육 및 세미나,,1-2회,30분~1시간,5-8인|4인 이하|9-16인,5-8인,4인 이하,9-16인,분리된 공간에서 조용하게 집중 업무|출근 직후 및 점심 시간에 간단한 취식|출근 직후 또는 업무 중 짧은 휴식,분리된 공간에서 조용하게 집중 업무,출근 직후 및 점심 시간에 간단한 취식,출근 직후 또는 업무 중 짧은 휴식,,4,2,4,2,3,2,3,2,3,2,3,3,2,2,2,2,2,5,5,5,2,2,2,2
2025,51,,"문서 또는 그래픽, 프로그래밍 작업 (컴퓨터 기반 업무)|업무 관련 통화|참고 서적이나 서류 검토","문서 또는 그래픽, 프로그래밍 작업 (컴퓨터 기반 업무)",업무 관련 통화,참고 서적이나 서류 검토,,거의 모든 업무를 내 자리에서 수행한다.,,,,,,,,,,,,,,,,,,,,,,,,,,,,,,,,,,,,,,,,,
2025,52,,"업무 관련 통화|참고 서적이나 서류 검토|문서 또는 그래픽, 프로그래밍 작업 (컴퓨터 기반 업무)",업무 관련 통화,참고 서적이나 서류 검토,"문서 또는 그래픽, 프로그래밍 작업 (컴퓨터 기반 업무)",,일정 시간 사무실 외부 공간에서 업무를 수행한다.,,"외부 인원(계열사, 협력사 등)과의 업무 협의 회의|팀원 또는 유관부서와의 정보 공유, 의사결정 등을 위한 정형회의|자유롭게 아이디어를 나누는 브레인스토밍 회의","외부 인원(계열사, 협력사 등)과의 업무 협의 회의","팀원 또는 유관부서와의 정보 공유, 의사결정 등을 위한 정형회의",자유롭게 아이디어를 나누는 브레인스토밍 회의,,3-4회,30분~1시간,5-8인|4인 이하|9-16인,5-8인,4인 이하,9-16인,별도로 마련된 공간에서 고객 및 방문자 응대|조직 구성원과의 편안한 대화|출근 직후 및 점심 시간에 간단한 취식,별도로 마련된 공간에서 고객 및 방문자 응대,조직 구성원과의 편안한 대화,출근 직후 및 점심 시간에 간단한 취식,,4,4,2,1,2,1,1,2,3,2,1,2,3,1,3,2,2,4,1,3,1,3,1,2
2025,53,,"참고 서적이나 서류 검토|업무 관련 통화|문서 또는 그래픽, 프로그래밍 작업 (컴퓨터 기반 업무)",참고 서적이나 서류 검토,업무 관련 통화,"문서 또는 그래픽, 프로그래밍 작업 (컴퓨터 기반 업무)",,내 자리 또는 사무실 내 1인 업무 공간에서 수행한다.,,"팀원 또는 유관부서와의 정보 공유, 의사결정 등을 위한 정형회의|외부 인원(계열사, 협력사 등)과의 업무 협의 회의|비정기적으로 의견을 교류하는 캐주얼 회의","팀원 또는 유관부서와의 정보 공유, 의사결정 등을 위한 정형회의","외부 인원(계열사, 협력사 등)과의 업무 협의 회의",비정기적으로 의견을 교류하는 캐주얼 회의,,1-2회,30분~1시간,4인 이하|5-8인|9-16인,4인 이하,5-8인,9-16인,분리된 공간에서 조용하게 집중 업무|출근 직후 및 점심 시간에 간단한 취식|장비가 잘 갖춰진 회의공간에서 밀도 높은 미팅,분리된 공간에서 조용하게 집중 업무,출근 직후 및 점심 시간에 간단한 취식,장비가 잘 갖춰진 회의공간에서 밀도 높은 미팅,,3,4,1,2,2,2,2,1,3,2,3,2,1,2,2,1,1,2,2,2,1,2,2,2
